{"acc": 0.8180293815353576, "loss": 0.20047046771842386, "_timestamp": 1673436279.5204697, "_runtime": 1.3225345611572266, "_step": 7, "_wandb": {"runtime": 0}}